1675 Broadway #09 Trnstle 01,34,In
1675 Broadway #09 Trnstle 02,122,In
1675 Broadway #09 Trnstle 03,240,In
1675 Broadway #09 Gate 01,4,In
1675 Broadway #09 Trnstle 04,266,In
1675 Broadway #09 Trnstle 05,248,In
1675 Broadway #09 Trnstle 06,711,In
1675 Broadway #09 Gate 02,1,In
1675 Broadway TS01 Out,57,Out
1675 Broadway TS02 Out,105,Out
1675 Broadway TS03 Out,45,Out
1675 Broadway TS04 Out,30,Out
1675 Broadway TS05 Out,27,Out
1675 Broadway TS06 Out,7,Out
Istar6 Rex01,0,In
Istar6 Rex04,0,In
Istar6 Rex10,0,In
Istar6 Rex12,0,In
