41 Mad #06 Gate 01,3,In
41 Mad #06 Gate 02,1,In
41 Mad #06 Gate 03,0,In
41 Mad #06 Gate 04,13,In
41 Mad #06 Trnstle 01,11,In
41 Mad #06 Trnstle 02,33,In
41 Mad #06 Trnstle 03,169,In
41 Mad #06 Trnstle 04,14,In
41 Mad #06 Trnstle 05,35,In
41 Mad #06 Trnstle 06,236,In
41 Mad #06 Trnstle 07,7,In
41 Mad #06 Trnstle 08,14,In
41 Mad #06 Trnstle 09,92,In
41 Mad #06 Trnstle 10,12,In
41 Mad #06 Trnstle 11,198,In
41 Mad #06 Trnstle 12,42,In
41 Madison TS 01 Out,1,Out
41 Madison TS 02 Out,31,Out
41 Madison TS 03 Out,29,Out
41 Madison TS 04 Out,12,Out
41 Madison TS 05 Out,20,Out
41 Madison TS 06 Out,50,Out
41 Madison TS 07 Out,2,Out
41 Madison TS 08 Out,13,Out
41 Madison TS 09 Out,13,Out
41 Madison TS 10 Out,10,Out
41 Madison TS 11 Out,56,Out
41 Madison TS 12 Out,37,Out
